Iteration,Cost,Cost Diff,Relative Error,Relative Error Diff
1,52585.83791726,39157.82448667,4.10257386,0.48644631
2,17778.76387737,34807.07403989,5.84645640,-1.74388254
3,13092.29801406,4686.46586331,6.56900349,-0.72254708
4,11930.39453409,1161.90347998,6.56222817,0.00677532
5,11177.21967962,753.17485447,6.52414374,0.03808443
6,10626.73560383,550.48407579,6.48049421,0.04364954
7,10181.99953366,444.73607017,6.42551125,0.05498295
8,9781.93259548,400.06693818,6.33574608,0.08976517
9,9395.95410205,385.97849344,6.23254042,0.10320566
10,9013.05058361,382.90351843,6.09543936,0.13710106
11,8615.57776753,397.47281608,6.01341746,0.08202189
12,8174.67127987,440.90648766,5.85338820,0.16002926
13,7714.71461786,459.95666201,5.72872700,0.12466121
14,7237.72560601,476.98901185,5.60013376,0.12859324
15,6724.59848928,513.12711673,5.43489233,0.16524143
16,6187.23662954,537.36185974,5.28400386,0.15088847
17,5617.09748412,570.13914542,5.14396740,0.14003647
18,5049.47532236,567.62216176,4.98475721,0.15921019
19,4472.96509718,576.51022518,4.84651488,0.13824233
20,3907.20070714,565.76439004,4.69399218,0.15252270
21,3401.52010254,505.68060460,4.54230650,0.15168568
22,2953.88681039,447.63329215,4.39122042,0.15108608
23,2572.33048884,381.55632155,4.24658811,0.14463232
24,2254.56612071,317.76436813,4.11270810,0.13388001
25,2011.92678078,242.63933993,3.97862297,0.13408513
26,1828.97713754,182.94964324,3.86364868,0.11497429
27,1687.51898131,141.45815623,3.74223133,0.12141735
28,1579.24726466,108.27171666,3.65055330,0.09167802
29,1503.05046931,76.19679534,3.55451989,0.09603341
30,1441.09970073,61.95076859,3.46919452,0.08532537
31,1391.53249761,49.56720312,3.39119282,0.07800170
32,1353.94233958,37.59015803,3.31492303,0.07626979
33,1321.87900622,32.06333336,3.25498349,0.05993955
34,1295.79152107,26.08748515,3.18859231,0.06639118
35,1261.59903972,34.19248135,3.12689605,0.06169626
36,1236.10454945,25.49449027,3.07732328,0.04957276
37,1213.28125456,22.82329489,3.01920078,0.05812251
38,1190.75244903,22.52880553,2.97477739,0.04442339
39,1168.18167842,22.57077062,2.92350795,0.05126943
40,1148.73271794,19.44896047,2.87300820,0.05049975
41,1128.58252471,20.15019323,2.82710356,0.04590464
42,1110.71136935,17.87115536,2.78695155,0.04015201
43,1091.02495550,19.68641385,2.75704143,0.02991012
44,1073.23995988,17.78499562,2.71488801,0.04215342
45,1056.00302075,17.23693913,2.68607910,0.02880892
46,1041.82904362,14.17397713,2.64244321,0.04363589
47,1024.52652663,17.30251699,2.60902896,0.03341425
48,1008.16819812,16.35832850,2.57877010,0.03025886
49,996.02307669,12.14512143,2.54465949,0.03411061
50,980.17903533,15.84404136,2.51418076,0.03047873
51,966.58642406,13.59261127,2.49187503,0.02230573
52,953.39251540,13.19390866,2.45923019,0.03264484
53,938.01659171,15.37592370,2.43423125,0.02499894
54,925.72939609,12.28719562,2.40096731,0.03326394
55,913.91326943,11.81612666,2.37260836,0.02835895
56,900.73476355,13.17850588,2.35320401,0.01940435
57,891.00649101,9.72827254,2.33428804,0.01891597
58,878.13987806,12.86661294,2.30424244,0.03004560
59,865.88470398,12.25517409,2.28117652,0.02306591
60,859.95375627,5.93094771,2.26174273,0.01943379
61,845.19131902,14.76243725,2.23577623,0.02596651
62,836.41384560,8.77747342,2.21216730,0.02360893
63,825.18399096,11.22985464,2.18955693,0.02261037
64,819.05320419,6.13078677,2.17070646,0.01885047
65,804.81297529,14.24022890,2.15930982,0.01139664
66,799.01567146,5.79730382,2.14202032,0.01728950
67,792.33792292,6.67774854,2.10705863,0.03496169
68,777.05071208,15.28721084,2.10515786,0.00190077
69,768.33265643,8.71805565,2.08476089,0.02039697
70,761.64799899,6.68465744,2.07203737,0.01272352
71,752.41070228,9.23729671,2.05280926,0.01922810
72,743.30525507,9.10544720,2.03867728,0.01413198
73,738.79739748,4.50785759,2.02437925,0.01429803
74,731.01288552,7.78451196,2.00710729,0.01727197
75,720.39786561,10.61501991,1.99452218,0.01258511
76,712.98920468,7.40866093,1.97760550,0.01691667
77,708.93838408,4.05082060,1.96696007,0.01064543
78,697.94656316,10.99182093,1.95754241,0.00941766
79,693.29878865,4.64777451,1.94007919,0.01746322
80,683.35608355,9.94270510,1.93045992,0.00961927
81,676.24345115,7.11263240,1.91542369,0.01503623
82,669.35311547,6.89033567,1.90112771,0.01429597
83,663.00167591,6.35143957,1.89466506,0.00646265
84,655.94695434,7.05472156,1.88095739,0.01370767
85,649.10754216,6.83941218,1.87048477,0.01047262
86,643.18395049,5.92359168,1.85384683,0.01663794
87,637.07128775,6.11266274,1.84767537,0.00617146
88,629.83957939,7.23170836,1.83915037,0.00852500
89,623.51651144,6.32306794,1.82993660,0.00921377
90,616.60083598,6.91567546,1.82049618,0.00944042
91,613.19131535,3.40952063,1.81210597,0.00839021
92,604.89291427,8.29840108,1.80097695,0.01112901
93,598.90186310,5.99105117,1.79693949,0.00403746
94,595.05374151,3.84812159,1.78959971,0.00733978
95,586.91130199,8.14243952,1.77816345,0.01143626
96,581.16043815,5.75086385,1.77353691,0.00462655
97,576.31237957,4.84805858,1.76240223,0.01113468
98,569.76889940,6.54348017,1.75834980,0.00405243
99,565.59788358,4.17101582,1.75237857,0.00597124
100,559.19861321,6.39927037,1.73862117,0.01375740
101,555.65804993,3.54056329,1.73350068,0.00512048
102,548.34017119,7.31787874,1.72810530,0.00539538
103,542.65123688,5.68893431,1.72275817,0.00534713
104,537.05836604,5.59287084,1.71646070,0.00629747
105,532.04576671,5.01259932,1.71183349,0.00462721
106,529.28939638,2.75637033,1.70887485,0.00295864
107,523.72017682,5.56921956,1.70331315,0.00556170
108,518.38534171,5.33483510,1.69396520,0.00934795
109,511.80154209,6.58379963,1.69049312,0.00347208
110,506.95249866,4.84904343,1.68529150,0.00520161
111,502.12458803,4.82791063,1.68080578,0.00448573
112,496.51037631,5.61421172,1.67135012,0.00945566
113,493.68366882,2.82670749,1.66613587,0.00521425
114,487.28805673,6.39561209,1.65985208,0.00628379
115,484.15334915,3.13470758,1.65798077,0.00187131
116,477.69068717,6.46266198,1.65276236,0.00521841
117,473.20662044,4.48406673,1.64589717,0.00686518
118,468.17771896,5.02890148,1.64468929,0.00120789
119,464.45569283,3.72202613,1.63857050,0.00611879
120,459.74310546,4.71258736,1.63950570,-0.00093520
121,459.06621567,0.67688979,1.62739994,0.01210576
122,451.26850866,7.79770702,1.62700805,0.00039189
123,448.21530487,3.05320378,1.62391763,0.00309042
124,442.30455103,5.91075384,1.61985337,0.00406426
125,438.61419345,3.69035758,1.61627827,0.00357510
126,435.61035622,3.00383723,1.61070177,0.00557651
127,430.65032550,4.96003072,1.61118103,-0.00047926
128,426.34145755,4.30886796,1.61032336,0.00085767
129,425.07808559,1.26337196,1.60286792,0.00745543
130,421.36720535,3.71088024,1.60538958,-0.00252166
131,414.99951849,6.36768686,1.59909810,0.00629148
132,410.59817289,4.40134559,1.59630412,0.00279398
133,407.38075897,3.21741392,1.59443701,0.00186711
134,403.84966913,3.53108985,1.59171162,0.00272540
135,399.70727219,4.14239693,1.58760728,0.00410433
136,397.10777994,2.59949226,1.59059683,-0.00298955
137,393.37510351,3.73267642,1.58576232,0.00483451
138,392.56804921,0.80705430,1.58583819,-0.00007587
139,387.18580299,5.38224622,1.58027001,0.00556818
140,384.11698602,3.06881697,1.57819785,0.00207216
141,384.01687091,0.10011511,1.57706183,0.00113602
142,377.35035975,6.66651116,1.57762394,-0.00056211
143,373.91066601,3.43969374,1.57280263,0.00482131
144,370.40487099,3.50579502,1.56702660,0.00577603
145,367.26114425,3.14372673,1.56789996,-0.00087336
146,364.54487370,2.71627055,1.56144069,0.00645927
147,361.15321850,3.39165520,1.56347808,-0.00203739
148,358.41011160,2.74310690,1.56242072,0.00105736
149,355.34255344,3.06755815,1.56058888,0.00183184
150,353.98878318,1.35377027,1.55511494,0.00547394
151,350.05802646,3.93075672,1.55905535,-0.00394041
152,347.29282753,2.76519892,1.55538373,0.00367163
153,345.42178951,1.87103803,1.55170146,0.00368227
154,342.60775994,2.81402957,1.55224400,-0.00054254
155,339.24133069,3.36642925,1.55444150,-0.00219750
156,336.36267105,2.87865963,1.54769711,0.00674438
157,334.30901353,2.05365752,1.55004427,-0.00234715
158,331.23939659,3.06961694,1.54873617,0.00130810
159,328.96549803,2.27389856,1.54559306,0.00314310
160,326.41858157,2.54691646,1.54514584,0.00044722
161,324.83688946,1.58169211,1.54727380,-0.00212795
162,321.43704399,3.39984547,1.54323108,0.00404271
163,319.06249678,2.37454721,1.54569947,-0.00246839
164,317.20103140,1.86146538,1.54263089,0.00306858
165,314.38130680,2.81972460,1.54159346,0.00103742
166,312.76601811,1.61528869,1.54083797,0.00075549
167,310.42362161,2.34239649,1.53923134,0.00160663
168,309.25434315,1.16927846,1.54082797,-0.00159663
169,305.51399302,3.74035014,1.53986108,0.00096689
170,304.82167799,0.69231502,1.54159362,-0.00173253
171,301.38702003,3.43465796,1.54029185,0.00130177
172,299.58830034,1.79871969,1.53636103,0.00393082
173,297.74671125,1.84158909,1.53845928,-0.00209825
174,295.44863068,2.29808056,1.53874976,-0.00029048
175,293.71345690,1.73517378,1.53222065,0.00652910
176,290.96555857,2.74789833,1.53612924,-0.00390859
177,289.38495149,1.58060708,1.53546861,0.00066062
178,288.01956317,1.36538832,1.53217227,0.00329634
179,285.38041523,2.63914794,1.53730587,-0.00513360
180,283.33615890,2.04425633,1.53398206,0.00332381
181,282.91863490,0.41752400,1.53200591,0.00197614
182,280.23958497,2.67904993,1.53541242,-0.00340651
183,278.13181983,2.10776514,1.53482155,0.00059087
184,276.11754342,2.01427641,1.53696182,-0.00214027
185,274.36610718,1.75143624,1.53338305,0.00357877
186,273.11283428,1.25327290,1.53313886,0.00024419
187,270.72392545,2.38890883,1.53275429,0.00038456
188,269.08606130,1.63786415,1.53122546,0.00152884
189,267.20679438,1.87926693,1.53379405,-0.00256859
190,265.60696692,1.59982746,1.53299296,0.00080109
191,263.91663205,1.69033486,1.53437116,-0.00137820
192,263.67861059,0.23802147,1.53203249,0.00233867
193,264.31399688,-0.63538629,1.53491566,-0.00288317
194,259.90186810,4.41212878,1.53159794,0.00331772
195,257.54450451,2.35736359,1.53298571,-0.00138777
196,255.98558187,1.55892265,1.53141766,0.00156805
197,254.65747984,1.32810202,1.53625284,-0.00483518
198,253.47524267,1.18223718,1.53097897,0.00527387
199,252.11282331,1.36241936,1.53553114,-0.00455217
200,250.80008708,1.31273623,1.53476902,0.00076212
201,249.21102026,1.58906682,1.53342128,0.00134774
202,247.36631084,1.84470942,1.53381055,-0.00038927
203,246.03228283,1.33402801,1.53298480,0.00082575
204,244.27912326,1.75315957,1.53493047,-0.00194567
205,242.82816655,1.45095671,1.53321762,0.00171284
206,242.70943424,0.11873230,1.53501556,-0.00179794
207,240.26292710,2.44650714,1.53573923,-0.00072366
208,239.32316016,0.93976694,1.53268968,0.00304954
209,237.41209879,1.91106137,1.53673351,-0.00404383
210,236.45978936,0.95230943,1.53502119,0.00171232
211,234.75930339,1.70048597,1.53601486,-0.00099367
212,233.55068026,1.20862313,1.53625232,-0.00023746
213,232.54026084,1.01041942,1.53289540,0.00335692
214,231.54869818,0.99156266,1.53981232,-0.00691692
215,229.91598058,1.63271760,1.53617985,0.00363247
216,229.89815761,0.01782297,1.53906048,-0.00288063
217,227.50106124,2.39709638,1.53672421,0.00233627
218,226.20318928,1.29787195,1.53716428,-0.00044007
219,226.66036750,-0.45717822,1.53940355,-0.00223927
220,224.35082169,2.30954581,1.53982952,-0.00042597
221,223.18585994,1.16496175,1.53791039,0.00191913
222,221.71732386,1.46853608,1.53814291,-0.00023252
223,221.11871294,0.59861093,1.53686204,0.00128087
224,219.42946933,1.68924360,1.53786022,-0.00099817
225,218.42182997,1.00763937,1.54101592,-0.00315571
226,218.00803183,0.41379814,1.54036149,0.00065443
227,216.11261647,1.89541535,1.53818285,0.00217864
228,214.96700832,1.14560816,1.54108445,-0.00290160
229,215.99532631,-1.02831800,1.53874667,0.00233777
230,213.24363898,2.75168734,1.54002519,-0.00127852
231,213.45135365,-0.20771467,1.54183489,-0.00180970
232,211.87944775,1.57190590,1.53948046,0.00235443
233,210.28801799,1.59142977,1.54338861,-0.00390815
234,209.55221687,0.73580112,1.54065316,0.00273545
235,208.31447225,1.23774462,1.54226359,-0.00161043
236,209.90556502,-1.59109277,1.54260689,-0.00034329
237,206.71652253,3.18904249,1.54530638,-0.00269950
238,206.06437460,0.65214793,1.54132735,0.00397904
239,205.11875857,0.94561603,1.54462990,-0.00330255
240,205.01236683,0.10639174,1.54420454,0.00042536
241,203.05610475,1.95626208,1.54456800,-0.00036346
242,203.45177962,-0.39567487,1.54352183,0.00104617
243,201.30951823,2.14226139,1.54475019,-0.00122836
244,200.37158667,0.93793156,1.54523189,-0.00048171
245,199.58378165,0.78780502,1.54394201,0.00128989
246,199.29634327,0.28743839,1.54529693,-0.00135492
247,198.17790989,1.11843338,1.54657640,-0.00127947
248,197.28897512,0.88893477,1.54780219,-0.00122580
249,196.53325181,0.75572331,1.54498259,0.00281960
250,197.80584057,-1.27258876,1.54835493,-0.00337234
251,195.13308030,2.67276027,1.54583496,0.00251998
252,194.91704665,0.21603365,1.54883020,-0.00299525
253,193.95876467,0.95828198,1.54920707,-0.00037687
254,192.81176575,1.14699891,1.54644602,0.00276105
255,191.91787190,0.89389385,1.54787135,-0.00142533
256,192.59145504,-0.67358314,1.54940365,-0.00153230
257,191.72930788,0.86214716,1.55083445,-0.00143079
258,192.28431865,-0.55501077,1.54897700,0.00185745
259,189.99568747,2.28863118,1.55107922,-0.00210223
260,188.51650510,1.47918237,1.55073176,0.00034746
261,188.63893289,-0.12242779,1.55116645,-0.00043469
262,188.42424648,0.21468641,1.54891959,0.00224687
263,186.51743212,1.90681436,1.55062084,-0.00170125
264,185.94122915,0.57620297,1.55034171,0.00027913
265,186.58773319,-0.64650404,1.55208636,-0.00174464
266,184.59093486,1.99679833,1.54981181,0.00227455
267,184.18748471,0.40345015,1.55335508,-0.00354326
268,184.01725966,0.17022505,1.55065081,0.00270427
269,183.63038136,0.38687831,1.55337940,-0.00272860
270,182.50908229,1.12129906,1.55030757,0.00307184
271,181.61271089,0.89637140,1.55453814,-0.00423057
272,181.41586825,0.19684264,1.55322240,0.00131574
273,180.65322073,0.76264752,1.55273257,0.00048983
274,180.25605316,0.39716757,1.55428745,-0.00155487
275,179.80571582,0.45033735,1.55365461,0.00063283
276,179.11510802,0.69060780,1.55406845,-0.00041384
277,179.31865990,-0.20355189,1.55368333,0.00038512
278,178.34630338,0.97235653,1.55642461,-0.00274128
279,177.74859945,0.59770392,1.55330624,0.00311836
280,176.85358429,0.89501517,1.55459827,-0.00129203
281,176.36928939,0.48429490,1.55582309,-0.00122482
282,176.44139213,-0.07210274,1.55594965,-0.00012656
283,175.29105564,1.15033649,1.55562821,0.00032144
284,175.95956875,-0.66851311,1.55710166,-0.00147345
285,174.40160960,1.55795915,1.55580308,0.00129858
286,174.04501265,0.35659695,1.55556240,0.00024068
287,174.00857821,0.03643443,1.55425758,0.00130482
288,172.99354417,1.01503404,1.55719115,-0.00293356
289,172.71044974,0.28309444,1.55585116,0.00133999
290,172.49167335,0.21877638,1.55562462,0.00022654
291,172.10898228,0.38269107,1.55856765,-0.00294303
292,171.33489038,0.77409191,1.55823265,0.00033500
293,170.73774826,0.59714211,1.55677849,0.00145416
294,170.24019259,0.49755567,1.55811034,-0.00133185
295,170.14115221,0.09904038,1.55782951,0.00028083
296,169.40163335,0.73951886,1.55731256,0.00051694
297,169.29648235,0.10515100,1.55759312,-0.00028056
298,168.96079489,0.33568746,1.55730835,0.00028477
299,168.41446633,0.54632856,1.55651063,0.00079772
300,170.10758601,-1.69311968,1.55729268,-0.00078206
301,167.75884839,2.34873763,1.55883530,-0.00154262
302,167.00870257,0.75014582,1.55767958,0.00115572
303,167.86732009,-0.85861752,1.55869528,-0.00101570
304,166.29610442,1.57121567,1.55814333,0.00055195
305,165.84966444,0.44643998,1.55780366,0.00033966
306,166.24727188,-0.39760744,1.55991592,-0.00211225
307,165.16295179,1.08432009,1.55863102,0.00128490
308,164.69901690,0.46393489,1.55921488,-0.00058385
309,164.39444133,0.30457557,1.55866890,0.00054598
310,164.50521799,-0.11077666,1.55964316,-0.00097426
311,163.88019554,0.62502245,1.56052335,-0.00088019
312,163.94017072,-0.05997518,1.55763940,0.00288395
313,163.07887290,0.86129782,1.55984980,-0.00221040
314,163.14768122,-0.06880831,1.56179345,-0.00194365
315,163.65151529,-0.50383407,1.55973757,0.00205588
316,162.93248733,0.71902795,1.56282655,-0.00308898
317,162.01474835,0.91773898,1.55871277,0.00411378
318,162.65115908,-0.63641073,1.55925848,-0.00054571
319,161.15005088,1.50110820,1.55916157,0.00009691
320,160.93309744,0.21695344,1.56083090,-0.00166933
321,161.41105891,-0.47796148,1.56008058,0.00075032
322,160.35284218,1.05821674,1.56193963,-0.00185905
323,160.50812565,-0.15528347,1.55881381,0.00312582
324,160.23490023,0.27322542,1.55975928,-0.00094547
325,159.20904281,1.02585741,1.55966206,0.00009721
326,159.79762328,-0.58858046,1.56003381,-0.00037175
327,159.82479753,-0.02717425,1.55879330,0.00124051
328,159.84310875,-0.01831122,1.56006222,-0.00126892
329,158.87580926,0.96729949,1.55903885,0.00102337
330,157.71263181,1.16317745,1.55932560,-0.00028675
331,157.47606749,0.23656432,1.55951147,-0.00018587
332,157.24001007,0.23605742,1.56057809,-0.00106662
333,157.61343737,-0.37342730,1.56023928,0.00033882
334,156.93892391,0.67451346,1.56097091,-0.00073163
335,156.59835824,0.34056567,1.55884517,0.00212574
336,156.29015020,0.30820804,1.56221081,-0.00336564
337,156.88126977,-0.59111957,1.56031088,0.00189992
338,155.43856355,1.44270622,1.56014765,0.00016323
339,155.31362767,0.12493588,1.56078976,-0.00064210
340,154.90303661,0.41059105,1.55934207,0.00144769
341,154.93076438,-0.02772776,1.56162275,-0.00228068
342,154.52087518,0.40988920,1.55960941,0.00201334
343,154.44001072,0.08086446,1.56070134,-0.00109192
344,153.91098219,0.52902853,1.55991354,0.00078779
345,154.80914680,-0.89816461,1.55788930,0.00202425
346,154.18932433,0.61982247,1.55705745,0.00083185
347,153.48648527,0.70283906,1.55694451,0.00011294
348,153.57592691,-0.08944164,1.55853926,-0.00159475
349,155.12618796,-1.55026106,1.55884573,-0.00030647
350,152.59120539,2.53498258,1.55968517,-0.00083944
351,152.26216167,0.32904372,1.55929666,0.00038851
352,152.17021163,0.09195004,1.55992565,-0.00062898
353,151.88742403,0.28278760,1.55905169,0.00087396
354,152.61935785,-0.73193382,1.55841413,0.00063756
355,151.30925390,1.31010395,1.55715984,0.00125429
356,151.31704504,-0.00779114,1.56045240,-0.00329255
357,151.11774320,0.19930185,1.55793710,0.00251530
358,150.74259062,0.37515258,1.55703601,0.00090109
359,150.32034068,0.42224994,1.55689037,0.00014564
360,151.05622590,-0.73588523,1.55758837,-0.00069800
361,150.38740545,0.66882046,1.55676288,0.00082549
362,149.66597190,0.72143355,1.55850676,-0.00174388
363,149.37140947,0.29456242,1.55775240,0.00075436
364,149.86424384,-0.49283436,1.55958969,-0.00183729
365,149.69733453,0.16690930,1.55840393,0.00118576
366,148.92010901,0.77722552,1.55634304,0.00206089
367,149.64918708,-0.72907807,1.55972221,-0.00337917
368,149.03370561,0.61548147,1.55719182,0.00253039
369,150.05799340,-1.02428780,1.55717542,0.00001639
370,148.02235491,2.03563850,1.55479226,0.00238317
371,147.73813618,0.28421873,1.55641463,-0.00162237
372,147.95575353,-0.21761735,1.55668239,-0.00026776
373,147.78163008,0.17412346,1.55565390,0.00102849
374,147.63788995,0.14374013,1.55759534,-0.00194144
375,146.83642867,0.80146127,1.55620535,0.00139000
376,146.67461658,0.16181209,1.55649576,-0.00029041
377,146.83651024,-0.16189366,1.55397686,0.00251890
378,146.39049966,0.44601058,1.55683928,-0.00286243
379,146.83056723,-0.44006757,1.55524075,0.00159853
380,145.84957776,0.98098947,1.55503867,0.00020208
381,146.10161322,-0.25203546,1.55608610,-0.00104743
382,145.78018534,0.32142788,1.55285807,0.00322804
383,145.84085434,-0.06066900,1.55287592,-0.00001786
384,145.01957318,0.82128116,1.55437037,-0.00149445
385,146.66851663,-1.64894345,1.55325816,0.00111221
386,144.73309023,1.93542640,1.55451000,-0.00125184
387,144.47454736,0.25854287,1.55362782,0.00088219
388,145.48144229,-1.00689493,1.55370541,-0.00007759
389,144.21801300,1.26342929,1.55328844,0.00041697
390,143.99938155,0.21863145,1.55521938,-0.00193094
391,143.87534702,0.12403453,1.55314184,0.00207754
392,143.69433067,0.18101635,1.55273618,0.00040567
393,143.28859167,0.40573900,1.55229485,0.00044133
394,143.43332776,-0.14473609,1.55310822,-0.00081338
395,143.83278049,-0.39945273,1.55078334,0.00232488
396,145.29583830,-1.46305781,1.55341026,-0.00262691
397,142.74182294,2.55401535,1.55039564,0.00301461
398,142.63941628,0.10240667,1.55314474,-0.00274909
399,142.08079471,0.55862157,1.55193723,0.00120751
400,142.50303763,-0.42224292,1.55277137,-0.00083415
401,141.77290706,0.73013057,1.55109425,0.00167713
402,141.53074590,0.24216116,1.55048459,0.00060966
403,142.25518376,-0.72443786,1.55252978,-0.00204519
404,141.74962460,0.50555916,1.55110987,0.00141991
405,141.34900350,0.40062110,1.55172824,-0.00061837
406,141.69802895,-0.34902545,1.54798385,0.00374439
407,140.89112726,0.80690169,1.55050736,-0.00252352
408,140.94266884,-0.05154158,1.54758306,0.00292430
409,140.47347684,0.46919199,1.54855823,-0.00097516
410,140.29378070,0.17969614,1.55027254,-0.00171431
411,140.40936778,-0.11558708,1.54967190,0.00060064
412,139.86495458,0.54441320,1.54926996,0.00040195
413,139.91651581,-0.05156123,1.54994661,-0.00067665
414,139.73253252,0.18398330,1.54586505,0.00408156
415,139.38823518,0.34429734,1.54775300,-0.00188795
416,139.21775299,0.17048220,1.54711823,0.00063477
417,139.72894447,-0.51119148,1.54956697,-0.00244874
418,139.16661197,0.56233250,1.54512671,0.00444026
419,138.86521594,0.30139603,1.54825277,-0.00312606
420,138.39209282,0.47312312,1.54677994,0.00147283
421,138.53131384,-0.13922102,1.54558227,0.00119766
422,138.72899721,-0.19768337,1.54382788,0.00175440
423,138.73322738,-0.00423017,1.54563761,-0.00180974
424,138.10038628,0.63284109,1.54610634,-0.00046873
425,137.61290597,0.48748032,1.54505991,0.00104643
426,137.51227036,0.10063561,1.54478008,0.00027983
427,137.30757926,0.20469110,1.54519333,-0.00041325
428,137.27322455,0.03435472,1.54441811,0.00077521
429,137.47303580,-0.19981126,1.54521274,-0.00079462
430,137.11770752,0.35532828,1.54549012,-0.00027738
431,137.24463143,-0.12692391,1.54547190,0.00001822
432,136.64954418,0.59508725,1.54610904,-0.00063714
433,136.33946717,0.31007701,1.54335510,0.00275395
434,136.34599252,-0.00652534,1.54142163,0.00193346
435,136.07509922,0.27089330,1.54467461,-0.00325298
436,136.56367127,-0.48857205,1.54306662,0.00160799
437,135.92850533,0.63516593,1.54496544,-0.00189882
438,135.81540765,0.11309768,1.54237110,0.00259434
439,135.56390097,0.25150668,1.54392047,-0.00154937
440,135.97195178,-0.40805081,1.54353146,0.00038900
441,135.81182732,0.16012446,1.54161328,0.00191818
442,135.28005573,0.53177159,1.54396148,-0.00234820
443,134.98658776,0.29346797,1.54054184,0.00341964
444,134.76130973,0.22527803,1.54120270,-0.00066086
445,134.61679116,0.14451857,1.53970250,0.00150020
446,134.29250489,0.32428626,1.54130506,-0.00160256
447,134.31787225,-0.02536736,1.53967143,0.00163363
448,134.52305509,-0.20518283,1.54072759,-0.00105616
449,133.96199039,0.56106470,1.53818534,0.00254225
450,134.42399547,-0.46200508,1.53862280,-0.00043747
451,133.53757056,0.88642490,1.53798926,0.00063354
452,133.55611403,-0.01854346,1.53751673,0.00047253
453,133.66233993,-0.10622590,1.53721023,0.00030650
454,133.02132923,0.64101070,1.53812042,-0.00091019
455,133.04143179,-0.02010256,1.53866548,-0.00054506
456,132.88037469,0.16105710,1.53726753,0.00139795
457,132.62853952,0.25183517,1.53769479,-0.00042727
458,132.87537656,-0.24683704,1.53786991,-0.00017512
459,132.41032054,0.46505601,1.53731038,0.00055954
460,132.51154865,-0.10122811,1.53511330,0.00219707
461,132.06566557,0.44588308,1.53685578,-0.00174248
462,131.92098189,0.14468368,1.53630568,0.00055010
463,131.73344229,0.18753961,1.53491875,0.00138693
464,131.62836028,0.10508201,1.53405883,0.00085992
465,131.69480238,-0.06644211,1.53526963,-0.00121080
466,131.42666357,0.26813882,1.53475786,0.00051177
467,131.24348513,0.18317844,1.53362489,0.00113297
468,131.36379347,-0.12030834,1.53522921,-0.00160432
469,131.04169699,0.32209648,1.53466990,0.00055931
470,131.17961501,-0.13791803,1.53246655,0.00220335
471,130.85572629,0.32388872,1.53292524,-0.00045869
472,130.90738120,-0.05165491,1.53278026,0.00014498
473,130.42310614,0.48427506,1.53129891,0.00148135
474,131.23607197,-0.81296583,1.53289779,-0.00159888
475,130.41255021,0.82352176,1.53454162,-0.00164383
476,130.00428719,0.40826302,1.53257942,0.00196220
477,129.73719835,0.26708884,1.53104547,0.00153395
478,129.94742375,-0.21022540,1.53206078,-0.00101531
479,130.15393188,-0.20650814,1.53274616,-0.00068538
480,129.57394614,0.57998574,1.52943715,0.00330901
481,129.21634424,0.35760191,1.53099816,-0.00156102
482,129.92631839,-0.70997415,1.52993228,0.00106588
483,129.19181292,0.73450547,1.52904307,0.00088921
484,129.05544502,0.13636790,1.52777719,0.00126588
485,128.70888068,0.34656434,1.52889968,-0.00112249
486,128.67150302,0.03737766,1.52869282,0.00020686
487,128.74236891,-0.07086589,1.52920885,-0.00051603
488,129.93224615,-1.18987724,1.52883373,0.00037512
489,128.18527722,1.74696893,1.52721552,0.00161820
490,127.95736243,0.22791479,1.52860854,-0.00139302
491,129.61912594,-1.66176351,1.52677750,0.00183104
492,127.91903055,1.70009540,1.52755901,-0.00078151
493,127.77907058,0.13995997,1.52512216,0.00243684
494,127.80976356,-0.03069298,1.52796753,-0.00284537
495,127.49878844,0.31097512,1.52601512,0.00195241
496,127.25398663,0.24480181,1.52710178,-0.00108666
497,127.12157480,0.13241183,1.52511537,0.00198642
498,126.91373696,0.20783784,1.52575654,-0.00064118
499,127.90671035,-0.99297340,1.52201598,0.00374056
500,126.95863141,0.94807894,1.52381160,-0.00179562
501,127.21247667,-0.25384526,1.52549112,-0.00167951
502,127.95987715,-0.74740049,1.52226605,0.00322507
503,126.72389710,1.23598005,1.52510932,-0.00284328
504,126.38994927,0.33394783,1.52288983,0.00221949
505,126.07217228,0.31777699,1.52370546,-0.00081563
506,126.16363750,-0.09146522,1.52328149,0.00042397
507,126.00204731,0.16159019,1.52113518,0.00214630
508,125.66072264,0.34132467,1.52198741,-0.00085222
509,125.76863356,-0.10791092,1.52323564,-0.00124823
510,125.41923170,0.34940186,1.52257854,0.00065711
511,125.36144438,0.05778732,1.52254353,0.00003501
512,125.20339546,0.15804892,1.52082461,0.00171892
513,125.99629586,-0.79290040,1.51849203,0.00233259
514,124.94155049,1.05474537,1.51994544,-0.00145342
515,124.77051677,0.17103372,1.52005651,-0.00011107
516,124.59569304,0.17482373,1.52017133,-0.00011482
517,124.97798318,-0.38229014,1.51960849,0.00056284
518,124.39538262,0.58260056,1.51875645,0.00085204
519,124.75525057,-0.35986795,1.51969429,-0.00093783
520,125.70317362,-0.94792305,1.51995220,-0.00025791
521,124.19541927,1.50775435,1.51769920,0.00225300
522,124.30756329,-0.11214403,1.51951408,-0.00181489
523,124.09357782,0.21398547,1.51815492,0.00135917
524,123.83473738,0.25884044,1.51702444,0.00113048
525,123.80825782,0.02647956,1.51741881,-0.00039437
526,123.96875927,-0.16050145,1.51594872,0.00147009
527,123.53699877,0.43176050,1.51525294,0.00069578
528,123.51337379,0.02362498,1.51846255,-0.00320961
529,123.07052800,0.44284579,1.51604281,0.00241974
530,123.44511017,-0.37458218,1.51684444,-0.00080163
531,122.85921852,0.58589165,1.51542265,0.00142179
532,123.31476042,-0.45554190,1.51431741,0.00110524
533,122.60671838,0.70804203,1.51638771,-0.00207030
534,122.76327006,-0.15655167,1.51572551,0.00066220
535,122.98105285,-0.21778279,1.51393616,0.00178935
536,122.27045764,0.71059521,1.51430467,-0.00036851
537,122.66297605,-0.39251841,1.51464720,-0.00034253
538,122.47537419,0.18760186,1.51339343,0.00125377
539,122.46894162,0.00643257,1.51195592,0.00143751
540,122.82500398,-0.35606236,1.51231528,-0.00035936
541,122.22881744,0.59618654,1.51256806,-0.00025278
542,121.56078877,0.66802867,1.51283178,-0.00026372
543,122.00321589,-0.44242711,1.51194342,0.00088836
544,121.39301180,0.61020409,1.51304849,-0.00110506
545,121.56715261,-0.17414081,1.51164464,0.00140385
546,122.13208357,-0.56493096,1.51136662,0.00027802
547,121.55326834,0.57881524,1.50915046,0.00221616
548,121.01602957,0.53723876,1.51080691,-0.00165645
549,120.80314826,0.21288131,1.51022054,0.00058637
550,120.75272321,0.05042505,1.51059901,-0.00037847
551,120.45404864,0.29867458,1.51012790,0.00047111
552,120.89450048,-0.44045185,1.50675461,0.00337329
553,120.47571136,0.41878913,1.51090783,-0.00415322
554,120.17048538,0.30522598,1.50912521,0.00178263
555,120.11785508,0.05263029,1.50783528,0.00128992
556,120.05828830,0.05956679,1.50823332,-0.00039803
557,120.04026372,0.01802458,1.50692790,0.00130542
558,119.92509521,0.11516851,1.50754910,-0.00062120
559,119.63582475,0.28927046,1.50770129,-0.00015220
560,119.67441550,-0.03859075,1.50628451,0.00141678
561,119.62641397,0.04800153,1.50740430,-0.00111978
562,119.41322531,0.21318866,1.50711543,0.00028887
563,119.69320563,-0.27998032,1.50541863,0.00169680
564,119.05843334,0.63477230,1.50546389,-0.00004526
565,119.02890835,0.02952498,1.50571949,-0.00025560
566,118.98848927,0.04041908,1.50657521,-0.00085572
567,119.44676445,-0.45827518,1.50590285,0.00067236
568,119.00854985,0.43821460,1.50472217,0.00118068
569,118.58392007,0.42462978,1.50473807,-0.00001590
570,118.90963908,-0.32571901,1.50342363,0.00131444
571,119.98845998,-1.07882090,1.50344384,-0.00002021
572,119.61176275,0.37669723,1.50306058,0.00038326
573,118.54230543,1.06945732,1.50363084,-0.00057026
574,118.52529959,0.01700585,1.50382488,-0.00019404
575,118.19451632,0.33078326,1.50191414,0.00191074
576,117.77229788,0.42221845,1.50126647,0.00064767
577,118.12656740,-0.35426952,1.50174892,-0.00048246
578,117.74826039,0.37830701,1.50202336,-0.00027443
579,117.50881562,0.23944478,1.50048875,0.00153461
580,117.47707048,0.03174514,1.50276590,-0.00227715
581,117.23474857,0.24232191,1.50019582,0.00257008
582,117.09506932,0.13967925,1.50034304,-0.00014722
583,117.17136571,-0.07629639,1.50106342,-0.00072037
584,117.10124836,0.07011735,1.50056185,0.00050157
585,117.02149897,0.07974939,1.49947603,0.00108582
586,117.27481813,-0.25331915,1.50006413,-0.00058810
587,116.83875001,0.43606812,1.50036940,-0.00030527
588,116.76674331,0.07200670,1.49840937,0.00196004
589,116.39774598,0.36899733,1.50003607,-0.00162670
590,116.78235873,-0.38461275,1.50028533,-0.00024927
591,116.64196216,0.14039656,1.49885533,0.00143000
592,116.30054293,0.34141923,1.49748535,0.00136998
593,117.00308659,-0.70254365,1.49848092,-0.00099557
594,116.12734651,0.87574007,1.49628400,0.00219692
595,115.97397568,0.15337084,1.49751634,-0.00123234
596,116.69099496,-0.71701928,1.49522334,0.00229300
597,115.76920275,0.92179221,1.49711102,-0.00188768
598,115.55694213,0.21226062,1.49623074,0.00088028
599,115.51502426,0.04191787,1.49508386,0.00114688
600,115.56400339,-0.04897912,1.49407516,0.00100869
601,115.44200083,0.12200256,1.49639029,-0.00231513
602,115.24799430,0.19400653,1.49494553,0.00144476
603,115.09717299,0.15082131,1.49614987,-0.00120434
604,115.20415181,-0.10697882,1.49389277,0.00225710
605,114.83738556,0.36676625,1.49388653,0.00000624
606,115.02662250,-0.18923694,1.49558687,-0.00170034
607,114.80215589,0.22446661,1.49372534,0.00186153
608,114.69483578,0.10732011,1.49407284,-0.00034750
609,114.40240379,0.29243200,1.49254801,0.00152483
610,114.39398539,0.00841840,1.49416580,-0.00161779
611,114.33618394,0.05780144,1.49296794,0.00119786
612,114.50504999,-0.16886605,1.49209798,0.00086996
613,114.05445182,0.45059817,1.49115086,0.00094712
614,114.04993971,0.00451211,1.49108384,0.00006702
615,114.08418418,-0.03424448,1.49304699,-0.00196315
616,113.91039650,0.17378769,1.49160369,0.00144330
617,114.39675567,-0.48635917,1.48992193,0.00168176
618,113.78231211,0.61444356,1.49074159,-0.00081966
619,113.80548386,-0.02317176,1.48940635,0.00133524
620,113.96453560,-0.15905174,1.49067774,-0.00127140
621,113.22077947,0.74375614,1.48947688,0.00120086
622,113.49054907,-0.26976960,1.48781874,0.00165814
623,113.21432468,0.27622438,1.48967563,-0.00185689
624,113.10472163,0.10960305,1.48932956,0.00034607
625,113.51165187,-0.40693024,1.48862441,0.00070514
626,112.97974625,0.53190562,1.48792744,0.00069697
627,112.74045492,0.23929133,1.48866672,-0.00073928
628,112.86949355,-0.12903863,1.48870348,-0.00003676
629,112.76061406,0.10887949,1.48761652,0.00108695
630,112.61602962,0.14458444,1.48751132,0.00010520
631,112.34341257,0.27261705,1.48695118,0.00056014
632,112.54432590,-0.20091333,1.48634722,0.00060396
633,112.45528209,0.08904381,1.48743017,-0.00108295
634,113.33269217,-0.87741007,1.48815392,-0.00072375
635,112.45619474,0.87649743,1.48755367,0.00060025
636,112.09265121,0.36354352,1.48564452,0.00190915
637,111.96691868,0.12573254,1.48683690,-0.00119238
638,112.40075526,-0.43383659,1.48414923,0.00268767
639,111.70737015,0.69338511,1.48549710,-0.00134787
640,111.68231486,0.02505529,1.48465960,0.00083749
641,111.50144641,0.18086845,1.48454515,0.00011445
